2013-06-13 00:00:00+00:00,0.01520900079925136
2013-06-14 00:00:00+00:00,-0.006302930960465192
2013-06-17 00:00:00+00:00,0.007752069216064417
2013-06-18 00:00:00+00:00,0.007875878149326443
2013-06-19 00:00:00+00:00,-0.01378725492287658
2013-06-20 00:00:00+00:00,-0.024778672521862388
2013-06-21 00:00:00+00:00,0.003210864812332126
2013-06-24 00:00:00+00:00,-0.012635828069268662
2013-06-25 00:00:00+00:00,0.009646263997195037
2013-06-26 00:00:00+00:00,0.009868783577811735
2013-06-27 00:00:00+00:00,0.005869719945997387
2013-06-28 00:00:00+00:00,-0.004096836551642724
2013-07-01 00:00:00+00:00,0.0058594726885676796
2013-07-02 00:00:00+00:00,-0.0009297928094661456
2013-07-03 00:00:00+00:00,0.00043430712672765104
2013-07-05 00:00:00+00:00,0.010788903192918253
2013-07-08 00:00:00+00:00,0.00567365079707538
2013-07-09 00:00:00+00:00,0.007228542485285594
2013-07-10 00:00:00+00:00,0.0003754071070423137
2013-07-11 00:00:00+00:00,0.013608058376521237
2013-07-12 00:00:00+00:00,0.0004181477433478076
2013-07-15 00:00:00+00:00,0.00385033811847868
2013-07-16 00:00:00+00:00,-0.0037460209557550472
2013-07-17 00:00:00+00:00,0.0025371368735152
2013-07-18 00:00:00+00:00,0.005477001045793628
2013-07-19 00:00:00+00:00,0.0017768868031984297
2013-07-22 00:00:00+00:00,0.001950458864614646
2013-07-23 00:00:00+00:00,-0.0021236902019095005
2013-07-24 00:00:00+00:00,-0.003665719640355225
2013-07-25 00:00:00+00:00,0.0024328027910052175
2013-07-26 00:00:00+00:00,0.0010657533373110706
2013-07-29 00:00:00+00:00,-0.003074915230222075
2013-07-30 00:00:00+00:00,-1.1735191492223684e-05
2013-07-31 00:00:00+00:00,0.0007236786345292678
2013-08-01 00:00:00+00:00,0.011558106505791699
2013-08-02 00:00:00+00:00,0.001699640814822878
2013-08-05 00:00:00+00:00,-0.001462721497826891
2013-08-06 00:00:00+00:00,-0.005682385249622501
2013-08-07 00:00:00+00:00,-0.003240470917356242
2013-08-08 00:00:00+00:00,0.0036648527562084254
2013-08-09 00:00:00+00:00,-0.0028857039842523635
2013-08-12 00:00:00+00:00,-0.0011756694207148977
2013-08-13 00:00:00+00:00,0.002950757447737873
2013-08-14 00:00:00+00:00,-0.005129192134417981
2013-08-15 00:00:00+00:00,-0.013986332841110616
2013-08-16 00:00:00+00:00,-0.003305717424579191
2013-08-19 00:00:00+00:00,-0.006392101472953993
2013-08-20 00:00:00+00:00,0.004916306059730813
2013-08-21 00:00:00+00:00,-0.00616012474252603
2013-08-22 00:00:00+00:00,0.009115118191964422
2013-08-23 00:00:00+00:00,0.0033723185269023404
2013-08-26 00:00:00+00:00,-0.0037211603476424715
2013-08-27 00:00:00+00:00,-0.016084392074603215
2013-08-28 00:00:00+00:00,0.003551163128738377
2013-08-29 00:00:00+00:00,0.001585897648244572
2013-08-30 00:00:00+00:00,-0.0031674426265070332
2013-09-03 00:00:00+00:00,0.004522121320193584
2013-09-04 00:00:00+00:00,0.008272734809806614
2013-09-05 00:00:00+00:00,0.001267233816243607
2013-09-06 00:00:00+00:00,0.00048214474939078933
2013-09-09 00:00:00+00:00,0.009599853837558348
2013-09-10 00:00:00+00:00,0.007373045274235324
2013-09-11 00:00:00+00:00,0.003138515811363707
2013-09-12 00:00:00+00:00,-0.002656342358019703
2013-09-13 00:00:00+00:00,0.0022496573143462317
2013-09-16 00:00:00+00:00,0.005787426951260777
2013-09-17 00:00:00+00:00,0.00446209318249724
2013-09-18 00:00:00+00:00,0.01158048870124917
2013-09-19 00:00:00+00:00,-0.0016818731799026487
2013-09-20 00:00:00+00:00,-0.006992041542524419
2013-09-23 00:00:00+00:00,-0.004627763892421588
2013-09-24 00:00:00+00:00,-0.002353927138327494
2013-09-25 00:00:00+00:00,-0.0028898321652063297
2013-09-26 00:00:00+00:00,0.003844864692080785
2013-09-27 00:00:00+00:00,-0.00460235403318332
2013-09-30 00:00:00+00:00,-0.005322359218774331
2013-10-01 00:00:00+00:00,0.007915907399703492
2013-10-02 00:00:00+00:00,-0.0009449805578164439
2013-10-03 00:00:00+00:00,-0.009220820615535974
2013-10-04 00:00:00+00:00,0.0075767314537784625
2013-10-07 00:00:00+00:00,-0.008644708192525496
2013-10-08 00:00:00+00:00,-0.011646821948915531
2013-10-09 00:00:00+00:00,0.0007257632742632136
2013-10-10 00:00:00+00:00,0.021557634538714954
2013-10-11 00:00:00+00:00,0.0064430573390075185
2013-10-14 00:00:00+00:00,0.003993984290028729
2013-10-15 00:00:00+00:00,-0.007253610168363567
2013-10-16 00:00:00+00:00,0.013965447007744825
2013-10-17 00:00:00+00:00,0.006683452638323706
2013-10-18 00:00:00+00:00,0.0067426386967346374
2013-10-21 00:00:00+00:00,6.899445598174125e-05
2013-10-22 00:00:00+00:00,0.0057913713959940605
2013-10-23 00:00:00+00:00,-0.004789000265016274
2013-10-24 00:00:00+00:00,0.0033226921136970677
2013-10-25 00:00:00+00:00,0.004567544579459959
2013-10-28 00:00:00+00:00,0.0015914341059248827
2013-10-29 00:00:00+00:00,0.005334005307937373
2013-10-30 00:00:00+00:00,-0.004967384177714473
2013-10-31 00:00:00+00:00,-0.002836100563373245
2013-11-01 00:00:00+00:00,0.0023893242008052873
2013-11-04 00:00:00+00:00,0.0035183356310937164
2013-11-05 00:00:00+00:00,-0.003167029246154307
2013-11-06 00:00:00+00:00,0.0051063053470072894
2013-11-07 00:00:00+00:00,-0.012643801635544905
2013-11-08 00:00:00+00:00,0.013491645646869888
2013-11-11 00:00:00+00:00,0.00016904574908549463
2013-11-12 00:00:00+00:00,-0.002030056682439385
2013-11-13 00:00:00+00:00,0.008024249526839888
2013-11-14 00:00:00+00:00,0.004989490001398034
2013-11-15 00:00:00+00:00,0.004350916584551889
2013-11-18 00:00:00+00:00,-0.0034991883826945847
2013-11-19 00:00:00+00:00,-0.002173944850323406
2013-11-20 00:00:00+00:00,-0.003127501115000819
2013-11-21 00:00:00+00:00,0.008068514651723868
2013-11-22 00:00:00+00:00,0.0050023832452992245
2013-11-25 00:00:00+00:00,-0.000995738770413701
2013-11-26 00:00:00+00:00,0.00027673522675919493
2013-11-27 00:00:00+00:00,0.0024354437889524405
2013-11-29 00:00:00+00:00,-0.0006624884200404635
2013-12-02 00:00:00+00:00,-0.0025967182364314834
2013-12-03 00:00:00+00:00,-0.0043205508202441845
2013-12-04 00:00:00+00:00,-0.0001113576936907501
2013-12-05 00:00:00+00:00,-0.0043951630080880655
2013-12-06 00:00:00+00:00,0.011176394359722952
2013-12-09 00:00:00+00:00,0.00254256960329613
2013-12-10 00:00:00+00:00,-0.0035834924187697625
2013-12-11 00:00:00+00:00,-0.011230896311335448
2013-12-12 00:00:00+00:00,-0.003301230892764462
2013-12-13 00:00:00+00:00,-0.00011237045160628067
2013-12-16 00:00:00+00:00,0.006209932821939157
2013-12-17 00:00:00+00:00,-0.0031584324653900486
2013-12-18 00:00:00+00:00,0.017072839215916735
2013-12-19 00:00:00+00:00,-0.001155804213989975
2013-12-20 00:00:00+00:00,0.005818252824600911
2013-12-23 00:00:00+00:00,0.005342393111692267
2013-12-24 00:00:00+00:00,0.0021915198848991846
2013-12-26 00:00:00+00:00,0.005056175766038562
2013-12-27 00:00:00+00:00,-5.384583523182496e-05
2013-12-30 00:00:00+00:00,-0.00013610119774964957
2013-12-31 00:00:00+00:00,0.004732823614286508
2014-01-02 00:00:00+00:00,-0.009583633251378565
2014-01-03 00:00:00+00:00,-0.00019150525509459282
2014-01-06 00:00:00+00:00,-0.002870749642792103
2014-01-07 00:00:00+00:00,0.006141619359195438
2014-01-08 00:00:00+00:00,0.0002181952289952438
2014-01-09 00:00:00+00:00,0.0006538500981962958
2014-01-10 00:00:00+00:00,0.0027226939741735734
2014-01-13 00:00:00+00:00,-0.013331915421562868
2014-01-14 00:00:00+00:00,0.010925329807719875
2014-01-15 00:00:00+00:00,0.005390005390005559
2014-01-16 00:00:00+00:00,-0.001299627078902632
2014-01-17 00:00:00+00:00,-0.004256714826062158
2014-01-21 00:00:00+00:00,0.0029680305784165473
2014-01-22 00:00:00+00:00,0.0006515069716561683
2014-01-23 00:00:00+00:00,-0.008193136064496787
2014-01-24 00:00:00+00:00,-0.02133588379147744
2014-01-27 00:00:00+00:00,-0.004919203197329969
2014-01-28 00:00:00+00:00,0.0059543489726410215
2014-01-29 00:00:00+00:00,-0.00960495156212593
2014-01-30 00:00:00+00:00,0.010600435770474537
2014-01-31 00:00:00+00:00,-0.005858584264493261
2014-02-03 00:00:00+00:00,-0.022505182114302635
2014-02-04 00:00:00+00:00,0.006976330196722502
2014-02-05 00:00:00+00:00,-0.001226309645356416
2014-02-06 00:00:00+00:00,0.01318737008415849
2014-02-07 00:00:00+00:00,0.012396017925587088
2014-02-10 00:00:00+00:00,0.0018363632620785886
2014-02-11 00:00:00+00:00,0.0109435916713152
2014-02-12 00:00:00+00:00,0.0004949858767615556
2014-02-13 00:00:00+00:00,0.0051625146465439364
2014-02-14 00:00:00+00:00,0.005518822191562078
2014-02-18 00:00:00+00:00,0.0011953696275612824
2014-02-19 00:00:00+00:00,-0.00662159760361225
2014-02-20 00:00:00+00:00,0.005901321674933957
2014-02-21 00:00:00+00:00,-0.001141075589314533
2014-02-24 00:00:00+00:00,0.005546839319139796
2014-02-25 00:00:00+00:00,-0.0003783002727527629
2014-02-26 00:00:00+00:00,5.414742814435769e-05
2014-02-27 00:00:00+00:00,0.005247307929755918
2014-02-28 00:00:00+00:00,0.0025291659080144413
2014-03-03 00:00:00+00:00,-0.007031680227611248
2014-03-04 00:00:00+00:00,0.014055325015055686
2014-03-05 00:00:00+00:00,0.000906480553005462
2014-03-06 00:00:00+00:00,0.002289933909447983
2014-03-07 00:00:00+00:00,0.0004254910779839527
2014-03-10 00:00:00+00:00,-0.0005316376404070899
2014-03-11 00:00:00+00:00,-0.004942234597723694
2014-03-12 00:00:00+00:00,0.000266700134919029
2014-03-13 00:00:00+00:00,-0.0112129413247688
2014-03-14 00:00:00+00:00,-0.002808147151610485
2014-03-17 00:00:00+00:00,0.009043778462481056
2014-03-18 00:00:00+00:00,0.007137598298887049
2014-03-19 00:00:00+00:00,-0.005328738899910035
2014-03-20 00:00:00+00:00,0.005823542919487945
2014-03-21 00:00:00+00:00,-0.003864905614021641
2014-03-24 00:00:00+00:00,-0.004135264868688204
2014-03-25 00:00:00+00:00,0.0047458918100218295
2014-03-26 00:00:00+00:00,-0.007192471275460299
2014-03-27 00:00:00+00:00,-0.0021086101091489784
2014-03-28 00:00:00+00:00,0.004930291128938169
2014-03-31 00:00:00+00:00,0.008194744595958925
2014-04-01 00:00:00+00:00,0.00663039102974361
2014-04-02 00:00:00+00:00,0.0033468677127088675
2014-04-03 00:00:00+00:00,-0.0013235007397381926
2014-04-04 00:00:00+00:00,-0.011822213749575039
2014-04-07 00:00:00+00:00,-0.011051370657010118
2014-04-08 00:00:00+00:00,0.00412234480100393
2014-04-09 00:00:00+00:00,0.010750983054021335
2014-04-10 00:00:00+00:00,-0.0210324239738372
2014-04-11 00:00:00+00:00,-0.00898165171794485
2014-04-14 00:00:00+00:00,0.00787915133830408
2014-04-15 00:00:00+00:00,0.006886837862688289
2014-04-16 00:00:00+00:00,0.01045070387751501
2014-04-17 00:00:00+00:00,0.0014233972523660654
2014-04-21 00:00:00+00:00,0.003487770720623784
2014-04-22 00:00:00+00:00,0.004544054220579241
2014-04-23 00:00:00+00:00,-0.002341589617684603
2014-04-24 00:00:00+00:00,0.002026975882569504
2014-04-25 00:00:00+00:00,-0.008198758480306156
2014-04-28 00:00:00+00:00,0.003140213041448403
2014-04-29 00:00:00+00:00,0.004682533610610884
2014-04-30 00:00:00+00:00,0.0029825311362980944
2014-05-01 00:00:00+00:00,7.99495225174418e-05
2014-05-02 00:00:00+00:00,-0.0014073441856614632
2014-05-05 00:00:00+00:00,0.001914427840065791
2014-05-06 00:00:00+00:00,-0.00870423479245086
2014-05-07 00:00:00+00:00,0.005889342296855116
2014-05-08 00:00:00+00:00,-0.0010913008963886472
2014-05-09 00:00:00+00:00,0.0015189867573441873
2014-05-12 00:00:00+00:00,0.009709191029442676
2014-05-13 00:00:00+00:00,0.0009222612521866402
2014-05-14 00:00:00+00:00,-0.0047376286540722345
2014-05-15 00:00:00+00:00,-0.008780754410428582
2014-05-16 00:00:00+00:00,0.0034689731504251586
2014-05-19 00:00:00+00:00,0.0036689384902750533
2014-05-20 00:00:00+00:00,-0.006305066031894402
2014-05-21 00:00:00+00:00,0.008424675729680642
2014-05-22 00:00:00+00:00,0.0024321829285613994
2014-05-23 00:00:00+00:00,0.00400876363605196
2014-05-27 00:00:00+00:00,0.0061464682559553285
2014-05-28 00:00:00+00:00,-0.0007312380601209867
2014-05-29 00:00:00+00:00,0.0051733476103617
2014-05-30 00:00:00+00:00,0.0016114120857031455
2014-06-02 00:00:00+00:00,0.001115830515181937
2014-06-03 00:00:00+00:00,-0.0004924396199960102
2014-06-04 00:00:00+00:00,0.0020224128283892195
2014-06-05 00:00:00+00:00,0.006522012141382039
2014-06-06 00:00:00+00:00,0.004757461907162197
2014-06-09 00:00:00+00:00,0.001048881654882372
2014-06-10 00:00:00+00:00,0.00010245232090522194
2014-06-11 00:00:00+00:00,-0.0034763771919090747
2014-06-12 00:00:00+00:00,-0.007079808293394496
2014-06-13 00:00:00+00:00,0.003048323226353844
2014-06-16 00:00:00+00:00,0.000824066536817103
2014-06-17 00:00:00+00:00,0.0027795616922212663
2014-06-18 00:00:00+00:00,0.0073137891276042755
2014-06-19 00:00:00+00:00,-0.003643036507629871
2014-06-20 00:00:00+00:00,0.006868478061582639
2014-06-23 00:00:00+00:00,-0.00030642294398186554
2014-06-24 00:00:00+00:00,-0.006023579236536403
2014-06-25 00:00:00+00:00,0.004519317966655834
2014-06-26 00:00:00+00:00,-0.000715384458520596
2014-06-27 00:00:00+00:00,0.0019441721990545169
2014-06-30 00:00:00+00:00,-0.0005108343113315872
2014-07-01 00:00:00+00:00,0.006693256845263784
2014-07-02 00:00:00+00:00,0.0010153944966273531
2014-07-03 00:00:00+00:00,0.004917700387546242
2014-07-07 00:00:00+00:00,-0.003481235536774263
2014-07-08 00:00:00+00:00,-0.006430120601599976
2014-07-09 00:00:00+00:00,0.004484403460087494
2014-07-10 00:00:00+00:00,-0.003956917934965665
2014-07-11 00:00:00+00:00,0.0013752703874914118
2014-07-14 00:00:00+00:00,0.0050351843374187855
2014-07-15 00:00:00+00:00,-0.0018721882400175582
2014-07-16 00:00:00+00:00,0.0037011188068973855
2014-07-17 00:00:00+00:00,-0.011366253759211187
2014-07-18 00:00:00+00:00,0.010219126852333726
2014-07-21 00:00:00+00:00,-0.0018711470971322086
2014-07-22 00:00:00+00:00,0.004357807811826486
2014-07-23 00:00:00+00:00,0.002220028661320539
2014-07-24 00:00:00+00:00,5.046676329523159e-05
2014-07-25 00:00:00+00:00,-0.004681776991573017
2014-07-28 00:00:00+00:00,0.0004045223637627604
2014-07-29 00:00:00+00:00,-0.00429699335805267
2014-07-30 00:00:00+00:00,0.00015215210394070589
2014-07-31 00:00:00+00:00,-0.019748308659804148
2014-08-01 00:00:00+00:00,-0.003055307599079793
2014-08-04 00:00:00+00:00,0.007220707836553819
2014-08-05 00:00:00+00:00,-0.009696280322071482
2014-08-06 00:00:00+00:00,0.00031269473246919866
2014-08-07 00:00:00+00:00,-0.005414606304581682
2014-08-08 00:00:00+00:00,0.01156867823534502
2014-08-11 00:00:00+00:00,0.00287220233602814
2014-08-12 00:00:00+00:00,-0.0013677448062964226
2014-08-13 00:00:00+00:00,0.006768999064827641
2014-08-14 00:00:00+00:00,0.0047218767565271325
2014-08-15 00:00:00+00:00,-0.0002042862672825274
2014-08-18 00:00:00+00:00,0.008379651353631834
2014-08-19 00:00:00+00:00,0.0052186793218502725
2014-08-20 00:00:00+00:00,0.0026715885764458935
2014-08-21 00:00:00+00:00,0.002915906892562159
2014-08-22 00:00:00+00:00,-0.001553942778596662
2014-08-25 00:00:00+00:00,0.005070079549759132
2014-08-26 00:00:00+00:00,0.0006493405101790639
2014-08-27 00:00:00+00:00,-0.0003992520749538375
2014-08-28 00:00:00+00:00,-0.0005490562960339673
2014-08-29 00:00:00+00:00,0.002848043827990532
2014-09-02 00:00:00+00:00,-0.0004983885615528205
2014-09-03 00:00:00+00:00,-0.0005480709246762361
2014-09-04 00:00:00+00:00,-0.0014461953503476233
2014-09-05 00:00:00+00:00,0.004495082544446083
2014-09-08 00:00:00+00:00,-0.002585608068126355
2014-09-09 00:00:00+00:00,-0.0063313858759903585
2014-09-10 00:00:00+00:00,0.0037623586749488958
2014-09-11 00:00:00+00:00,0.0011497454558384579
2014-09-12 00:00:00+00:00,-0.005841146014120224
2014-09-15 00:00:00+00:00,-0.000748101462478723
2014-09-16 00:00:00+00:00,0.0075332035725566016
2014-09-17 00:00:00+00:00,0.0013468705020305283
2014-09-18 00:00:00+00:00,0.005329762260171567
2014-09-19 00:00:00+00:00,-0.0008994294711633932
2014-09-22 00:00:00+00:00,-0.007723132618487782
2014-09-23 00:00:00+00:00,-0.0057241616729528655
2014-09-24 00:00:00+00:00,0.007828052680459052
2014-09-25 00:00:00+00:00,-0.01613557929643661
2014-09-26 00:00:00+00:00,0.00794545505216715
2014-09-29 00:00:00+00:00,-0.0018194465000864746
2014-09-30 00:00:00+00:00,-0.0026320348953731143
2014-10-01 00:00:00+00:00,-0.013552141108687743
2014-10-02 00:00:00+00:00,0.0001545740959210118
2014-10-03 00:00:00+00:00,0.011008942385339004
2014-10-06 00:00:00+00:00,-0.0011699807933157613
2014-10-07 00:00:00+00:00,-0.01543636523639369
2014-10-08 00:00:00+00:00,0.01748932697485661
2014-10-09 00:00:00+00:00,-0.019833334515512835
2014-10-10 00:00:00+00:00,-0.011414349515676436
2014-10-13 00:00:00+00:00,-0.01642756028149961
2014-10-14 00:00:00+00:00,0.001548023064627646
2014-10-15 00:00:00+00:00,-0.0067661342320548545
2014-10-16 00:00:00+00:00,-0.0008580746783947157
2014-10-17 00:00:00+00:00,0.011810819528603966
2014-10-20 00:00:00+00:00,0.009709528214616014
2014-10-21 00:00:00+00:00,0.019810777699033943
2014-10-22 00:00:00+00:00,-0.007110716992689725
2014-10-23 00:00:00+00:00,0.011624999930399227
2014-10-24 00:00:00+00:00,0.00769525025662765
2014-10-27 00:00:00+00:00,-0.0013747968119133258
2014-10-28 00:00:00+00:00,0.01147022450922952
2014-10-29 00:00:00+00:00,-0.0015119479578427075
2014-10-30 00:00:00+00:00,0.006410596629034426
2014-10-31 00:00:00+00:00,0.011435115004969632
2014-11-03 00:00:00+00:00,0.0005458721478046602
2014-11-04 00:00:00+00:00,-0.0034696613344661342
2014-11-05 00:00:00+00:00,0.006316226464225805
2014-11-06 00:00:00+00:00,0.004003395727979031
2014-11-07 00:00:00+00:00,0.0009353301831735994
2014-11-10 00:00:00+00:00,0.0031473918595203987
2014-11-11 00:00:00+00:00,0.0009557197221732316
2014-11-12 00:00:00+00:00,-0.001053072986786141
2014-11-13 00:00:00+00:00,0.0011278286457956366
2014-11-14 00:00:00+00:00,0.00024485823969011555
2014-11-17 00:00:00+00:00,0.0006366857041995022
2014-11-18 00:00:00+00:00,0.005773773899895973
2014-11-19 00:00:00+00:00,-0.0016055804883343683
2014-11-20 00:00:00+00:00,0.0017545492282806663
2014-11-21 00:00:00+00:00,0.005350457022553101
2014-11-24 00:00:00+00:00,0.0028063436031875444
2014-11-25 00:00:00+00:00,-0.0007236938826643557
2014-11-26 00:00:00+00:00,0.002559110797064612
2014-11-28 00:00:00+00:00,-0.0021190534997710397
2014-12-01 00:00:00+00:00,-0.006950093646582833
2014-12-02 00:00:00+00:00,0.006439754402888687
2014-12-03 00:00:00+00:00,0.003887312997862935
2014-12-04 00:00:00+00:00,-0.001106507544275881
2014-12-05 00:00:00+00:00,0.0016373165575123139
2014-12-08 00:00:00+00:00,-0.00668247489365037
2014-12-09 00:00:00+00:00,-0.0006776763542361008
2014-12-10 00:00:00+00:00,-0.016031029004990205
2014-12-11 00:00:00+00:00,0.005069332991117781
2014-12-12 00:00:00+00:00,-0.016161169266402653
2014-12-15 00:00:00+00:00,-0.006869847814418462
2014-12-16 00:00:00+00:00,-0.008019265165994272
2014-12-17 00:00:00+00:00,0.019604686085405554
2014-12-18 00:00:00+00:00,0.02472866209797764
2014-12-19 00:00:00+00:00,0.004255215375850607
2014-12-22 00:00:00+00:00,0.004599885403281823
2014-12-23 00:00:00+00:00,0.00134952627718965
2014-12-24 00:00:00+00:00,9.655831248944757e-05
2014-12-26 00:00:00+00:00,0.0032246335503631762
2014-12-29 00:00:00+00:00,0.0013432459148481346
2014-12-30 00:00:00+00:00,-0.005366287323609553
2014-12-31 00:00:00+00:00,-0.009922882559863178
2015-01-02 00:00:00+00:00,-0.0005352235220095203
2015-01-05 00:00:00+00:00,-0.018059313331605487
2015-01-06 00:00:00+00:00,-0.00941921123428846
2015-01-07 00:00:00+00:00,0.012461212234159191
2015-01-08 00:00:00+00:00,0.017745000466765415
2015-01-09 00:00:00+00:00,-0.008013797163455627
2015-01-12 00:00:00+00:00,-0.00783352697303541
2015-01-13 00:00:00+00:00,-0.0028127440155474304
2015-01-14 00:00:00+00:00,-0.006036842002438481
2015-01-15 00:00:00+00:00,-0.009160992287660985
2015-01-16 00:00:00+00:00,0.013114460541080675
2015-01-20 00:00:00+00:00,0.0021077932785578124
2015-01-21 00:00:00+00:00,0.005072777940017037
2015-01-22 00:00:00+00:00,0.014871458873091825
2015-01-23 00:00:00+00:00,-0.005483169708011215
2015-01-26 00:00:00+00:00,0.002342063014457496
2015-01-27 00:00:00+00:00,-0.01319064844413409
2015-01-28 00:00:00+00:00,-0.012824352111541981
2015-01-29 00:00:00+00:00,0.009244597987940528
2015-01-30 00:00:00+00:00,-0.012576134556768759
2015-02-02 00:00:00+00:00,0.012384290156926214
2015-02-03 00:00:00+00:00,0.014461215870875233
2015-02-04 00:00:00+00:00,-0.0038078112742468972
2015-02-05 00:00:00+00:00,0.010095020570709101
2015-02-06 00:00:00+00:00,-0.0027653910942189164
2015-02-09 00:00:00+00:00,-0.004475724566962547
2015-02-10 00:00:00+00:00,0.010653519452280547
2015-02-11 00:00:00+00:00,0.000579919213745228
2015-02-12 00:00:00+00:00,0.009616748095342409
2015-02-13 00:00:00+00:00,0.004116497912383776
2015-02-17 00:00:00+00:00,0.0015732171604270206
2015-02-18 00:00:00+00:00,9.496589353252816e-05
2015-02-19 00:00:00+00:00,-0.0007139538367402221
2015-02-20 00:00:00+00:00,0.00599621222322777
2015-02-23 00:00:00+00:00,-0.00014244517754880004
2015-02-24 00:00:00+00:00,0.0028457730444213514
2015-02-25 00:00:00+00:00,-0.0008498483673037294
2015-02-26 00:00:00+00:00,-0.001181320911396888
2015-02-27 00:00:00+00:00,-0.003406308839341121
2015-03-02 00:00:00+00:00,0.0063136877102663025
2015-03-03 00:00:00+00:00,-0.004104196457827891
2015-03-04 00:00:00+00:00,-0.004215116499451943
2015-03-05 00:00:00+00:00,0.0010937681607388061
2015-03-06 00:00:00+00:00,-0.014064534315415544
2015-03-09 00:00:00+00:00,0.004144668470231538
2015-03-10 00:00:00+00:00,-0.016221929639934296
2015-03-11 00:00:00+00:00,-0.0023419484136278923
2015-03-12 00:00:00+00:00,0.012713984652638954
2015-03-13 00:00:00+00:00,-0.00614554556143021
2015-03-16 00:00:00+00:00,0.013374356528546016
2015-03-17 00:00:00+00:00,-0.0029726993552757763
2015-03-18 00:00:00+00:00,0.012021685211428768
2015-03-19 00:00:00+00:00,-0.004561429481121482
2015-03-20 00:00:00+00:00,0.008825966646820227
2015-03-23 00:00:00+00:00,-0.0019487666225754818
2015-03-24 00:00:00+00:00,-0.00561895512120103
2015-03-25 00:00:00+00:00,-0.014653784874339548
2015-03-26 00:00:00+00:00,-0.0023815596143659246
2015-03-27 00:00:00+00:00,0.0022899542681900087
2015-03-30 00:00:00+00:00,0.0121996429120943
2015-03-31 00:00:00+00:00,-0.008739516202256103
2015-04-01 00:00:00+00:00,-0.003536301898909855
2015-04-02 00:00:00+00:00,0.003573123542076173
2015-04-06 00:00:00+00:00,0.00675750777020756
2015-04-07 00:00:00+00:00,-0.0026461165415762045
2015-04-08 00:00:00+00:00,0.0033526796581722085
2015-04-09 00:00:00+00:00,0.004447811005829472
2015-04-10 00:00:00+00:00,0.00545734226618011
2015-04-13 00:00:00+00:00,-0.004522932527233348
2015-04-14 00:00:00+00:00,0.0019128045626866097
2015-04-15 00:00:00+00:00,0.0044871427564514565
2015-04-16 00:00:00+00:00,-0.00028521985655205473
2015-04-17 00:00:00+00:00,-0.01150344659034741
2015-04-20 00:00:00+00:00,0.00913678200964263
2015-04-21 00:00:00+00:00,-0.001191110157188091
2015-04-22 00:00:00+00:00,0.004914057214100653
2015-04-23 00:00:00+00:00,0.002516124834893496
2015-04-24 00:00:00+00:00,0.0023201529328906734
2015-04-27 00:00:00+00:00,-0.004157272692595582
2015-04-28 00:00:00+00:00,0.0031787247704155863
2015-04-29 00:00:00+00:00,-0.00411467638246088
2015-04-30 00:00:00+00:00,-0.010020451548395148
2015-05-01 00:00:00+00:00,0.01084141067263622
2015-05-04 00:00:00+00:00,0.0028472650023341206
2015-05-05 00:00:00+00:00,-0.0114517324132134
2015-05-06 00:00:00+00:00,-0.004116906726332026
2015-05-07 00:00:00+00:00,0.003989932747115343
2015-05-08 00:00:00+00:00,0.013165717563902168
2015-05-11 00:00:00+00:00,-0.004796373730630021
2015-05-12 00:00:00+00:00,-0.0029673530635663248
2015-05-13 00:00:00+00:00,0.0001902167864289428
2015-05-14 00:00:00+00:00,0.010427562430832094
2015-05-15 00:00:00+00:00,0.0010842555679477783
2015-05-18 00:00:00+00:00,0.003106733004975437
2015-05-19 00:00:00+00:00,-0.00032850413970053616
2015-05-20 00:00:00+00:00,-0.0007040975284779982
2015-05-21 00:00:00+00:00,0.002912187274200617
2015-05-22 00:00:00+00:00,-0.002388761625372937
2015-05-26 00:00:00+00:00,-0.010751476164660101
2015-05-27 00:00:00+00:00,0.009491950974806818
2015-05-28 00:00:00+00:00,-0.0011282042574103368
2015-05-29 00:00:00+00:00,-0.006212881955242944
2015-06-01 00:00:00+00:00,0.0020366147920216626
2015-06-02 00:00:00+00:00,-0.0009926393059056515
2015-06-03 00:00:00+00:00,0.0026491657213736364
2015-06-04 00:00:00+00:00,-0.00845032015775804
2015-06-05 00:00:00+00:00,-0.0017092193705462444
2015-06-08 00:00:00+00:00,-0.006149748191511151
2015-06-09 00:00:00+00:00,-0.00014368906908335255
2015-06-10 00:00:00+00:00,0.011993136586914588
2015-06-11 00:00:00+00:00,0.003223852276864614
2015-06-12 00:00:00+00:00,-0.007655259822560212
2015-06-15 00:00:00+00:00,-0.004285337085869534
2015-06-16 00:00:00+00:00,0.005451861364631494
2015-06-17 00:00:00+00:00,0.001616787100464201
2015-06-18 00:00:00+00:00,0.010399337380210483
2015-06-19 00:00:00+00:00,-0.004438730935323654
2015-06-22 00:00:00+00:00,0.005122961609380194
2015-06-23 00:00:00+00:00,0.0007079513564078876
2015-06-24 00:00:00+00:00,-0.007262460651492497
2015-06-25 00:00:00+00:00,-0.0030408386386886477
2015-06-26 00:00:00+00:00,-0.00019041171243605604
2015-06-29 00:00:00+00:00,-0.02097043824195355
2015-06-30 00:00:00+00:00,0.002093484261814993
2015-07-01 00:00:00+00:00,0.00801544750518679
2015-07-02 00:00:00+00:00,-0.0009155064477738284
2015-07-06 00:00:00+00:00,-0.0028459229260228147
2015-07-07 00:00:00+00:00,0.0062885137588406526
2015-07-08 00:00:00+00:00,-0.01677739285189761
2015-07-09 00:00:00+00:00,0.0018090164480943915
2015-07-10 00:00:00+00:00,0.012591751438021603
2015-07-13 00:00:00+00:00,0.01103706757006706
2015-07-14 00:00:00+00:00,0.004338007812244138
2015-07-15 00:00:00+00:00,-0.0003321744026004714
2015-07-16 00:00:00+00:00,0.008024526832999923
2015-07-17 00:00:00+00:00,0.0008475023577694252
2015-07-20 00:00:00+00:00,0.000517921785352593
2015-07-21 00:00:00+00:00,-0.003951273920348997
2015-07-22 00:00:00+00:00,-0.0017947620904310568
2015-07-23 00:00:00+00:00,-0.005630031368532351
2015-07-24 00:00:00+00:00,-0.010371698205260071
2015-07-27 00:00:00+00:00,-0.005817304320337002
2015-07-28 00:00:00+00:00,0.012282913423020458
2015-07-29 00:00:00+00:00,0.006879245555533764
2015-07-30 00:00:00+00:00,0.00023723769059902367
2015-07-31 00:00:00+00:00,-0.0015178608141188654
2015-08-03 00:00:00+00:00,-0.0033732969671464996
2015-08-04 00:00:00+00:00,-0.001954134773823224
2015-08-05 00:00:00+00:00,0.0032954127773356934
2015-08-06 00:00:00+00:00,-0.00818756828215561
2015-08-07 00:00:00+00:00,-0.0019199457706648992
2015-08-10 00:00:00+00:00,0.012599225765782762
2015-08-11 00:00:00+00:00,-0.009023093154287065
2015-08-12 00:00:00+00:00,0.001198125958753904
2015-08-13 00:00:00+00:00,-0.0012447622579986328
2015-08-14 00:00:00+00:00,0.0036421742397105827
2015-08-17 00:00:00+00:00,0.005587049030544966
2015-08-18 00:00:00+00:00,-0.002896472929272864
2015-08-19 00:00:00+00:00,-0.007905621887441483
2015-08-20 00:00:00+00:00,-0.02088140444178299
2015-08-21 00:00:00+00:00,-0.031082854441873864
2015-08-24 00:00:00+00:00,-0.04088456541193464
2015-08-25 00:00:00+00:00,-0.012028666239089825
2015-08-26 00:00:00+00:00,0.038393841992184985
2015-08-27 00:00:00+00:00,0.02473503611858896
2015-08-28 00:00:00+00:00,5.039798492934011e-05
2015-08-31 00:00:00+00:00,-0.008079185567168912
2015-09-01 00:00:00+00:00,-0.029847673169289046
2015-09-02 00:00:00+00:00,0.018981284970094547
2015-09-03 00:00:00+00:00,0.0007162630113450863
2015-09-04 00:00:00+00:00,-0.015136714262623086
2015-09-08 00:00:00+00:00,0.02513109237147515
2015-09-09 00:00:00+00:00,-0.013371771442462488
2015-09-10 00:00:00+00:00,0.005441713909231316
2015-09-11 00:00:00+00:00,0.004544313670455047
2015-09-14 00:00:00+00:00,-0.00371078049975726
2015-09-15 00:00:00+00:00,0.012499474154845425
2015-09-16 00:00:00+00:00,0.008666545217846267
2015-09-17 00:00:00+00:00,-0.002247566016970848
2015-09-18 00:00:00+00:00,-0.01633949912879995
2015-09-21 00:00:00+00:00,0.005167134164157039
2015-09-22 00:00:00+00:00,-0.012979636846387699
2015-09-23 00:00:00+00:00,-0.0015983009307241058
2015-09-24 00:00:00+00:00,-0.003616193506822296
2015-09-25 00:00:00+00:00,-0.000258964393213601
2015-09-28 00:00:00+00:00,-0.02509715043566374
2015-09-29 00:00:00+00:00,0.0005850988850677474
2015-09-30 00:00:00+00:00,0.018657988861669805
2015-10-01 00:00:00+00:00,0.0026095503506016193
2015-10-02 00:00:00+00:00,0.014937807486748111
2015-10-05 00:00:00+00:00,0.017794755468401924
2015-10-06 00:00:00+00:00,-0.0034262526408269656
2015-10-07 00:00:00+00:00,0.008190449756929175
2015-10-08 00:00:00+00:00,0.009026802473036
2015-10-09 00:00:00+00:00,0.0005963683727192581
2015-10-12 00:00:00+00:00,0.0009439047883710305
2015-10-13 00:00:00+00:00,-0.006302594464550837
2015-10-14 00:00:00+00:00,-0.0047938205510372756
2015-10-15 00:00:00+00:00,0.015354698441680581
2015-10-16 00:00:00+00:00,0.004546571958544465
2015-10-19 00:00:00+00:00,0.0004920233749905467
2015-10-20 00:00:00+00:00,-0.0013770913637807247
2015-10-21 00:00:00+00:00,-0.006105773687124061
2015-10-22 00:00:00+00:00,0.016893898502187366
2015-10-23 00:00:00+00:00,0.010961917902689633
2015-10-26 00:00:00+00:00,-0.0024579961401859363
2015-10-27 00:00:00+00:00,-0.0019321222048241937
2015-10-28 00:00:00+00:00,0.011374401310461302
2015-10-29 00:00:00+00:00,-0.0005742775980399628
2015-10-30 00:00:00+00:00,-0.004309808667257942
2015-11-02 00:00:00+00:00,0.011831201049998796
2015-11-03 00:00:00+00:00,0.0028992215590115666
2015-11-04 00:00:00+00:00,-0.003033388707879059
2015-11-05 00:00:00+00:00,-0.0009978747667167553
2015-11-06 00:00:00+00:00,-0.0005234567159847492
2015-11-09 00:00:00+00:00,-0.00933152213914512
2015-11-10 00:00:00+00:00,0.0023067141352450804
2015-11-11 00:00:00+00:00,-0.0039316516870251395
2015-11-12 00:00:00+00:00,-0.013960135450168276
2015-11-13 00:00:00+00:00,-0.011228265451186714
2015-11-16 00:00:00+00:00,0.015206971519186041
2015-11-17 00:00:00+00:00,-0.000729344612772187
2015-11-18 00:00:00+00:00,0.015865866429447983
2015-11-19 00:00:00+00:00,-0.0008620724402846891
2015-11-20 00:00:00+00:00,0.003647932644862184
2015-11-23 00:00:00+00:00,-0.0011505947670549244
2015-11-24 00:00:00+00:00,0.0013395473305886085
2015-11-25 00:00:00+00:00,-0.00014367180938057444
2015-11-27 00:00:00+00:00,0.0011470275256459939
2015-11-30 00:00:00+00:00,-0.004151768127288125
2015-12-01 00:00:00+00:00,0.009535510478881903
2015-12-02 00:00:00+00:00,-0.010209684649382433
2015-12-03 00:00:00+00:00,-0.013998096670383542
2015-12-04 00:00:00+00:00,0.019502988361119744
2015-12-07 00:00:00+00:00,-0.006058553643234599
2015-12-08 00:00:00+00:00,-0.006724414591808059
2015-12-09 00:00:00+00:00,-0.007774605057279227
2015-12-10 00:00:00+00:00,0.0025807700620428253
2015-12-11 00:00:00+00:00,-0.019380789422734468
2015-12-14 00:00:00+00:00,0.00505621430930514
2015-12-15 00:00:00+00:00,0.010497977529953406
2015-12-16 00:00:00+00:00,0.014627780986449457
2015-12-17 00:00:00+00:00,-0.015237885320024902
2015-12-18 00:00:00+00:00,-0.01781356233258069
2015-12-21 00:00:00+00:00,0.008245115389801771
2015-12-22 00:00:00+00:00,0.009074513654278915
2015-12-23 00:00:00+00:00,0.012383035693185773
2015-12-24 00:00:00+00:00,-0.0016502269823275295
2015-12-28 00:00:00+00:00,-0.0022852658298879724
2015-12-29 00:00:00+00:00,0.010672019318453962
2015-12-30 00:00:00+00:00,-0.007087776320445549
2015-12-31 00:00:00+00:00,-0.010003162794570253
2016-01-04 00:00:00+00:00,-0.013983579076270458
2016-01-05 00:00:00+00:00,0.0016954406169324976
2016-01-06 00:00:00+00:00,-0.012614326419059907
2016-01-07 00:00:00+00:00,-0.02399135961904908
2016-01-08 00:00:00+00:00,-0.010961445837656902
2016-01-11 00:00:00+00:00,0.0009745091502542103
2016-01-12 00:00:00+00:00,0.008072551745905487
2016-01-13 00:00:00+00:00,-0.024944680442167688
2016-01-14 00:00:00+00:00,0.016416686644029843
2016-01-15 00:00:00+00:00,-0.02146619873051525
2016-01-19 00:00:00+00:00,0.001331511967464838
2016-01-20 00:00:00+00:00,-0.012815438342137164
2016-01-21 00:00:00+00:00,0.005602004287661888
2016-01-22 00:00:00+00:00,0.02051529309121536
2016-01-25 00:00:00+00:00,-0.015116529190463357
2016-01-26 00:00:00+00:00,0.013643090034253902
2016-01-27 00:00:00+00:00,-0.01088321703498285
2016-01-28 00:00:00+00:00,0.005209181362756166
2016-01-29 00:00:00+00:00,0.024381816684163393
2016-02-01 00:00:00+00:00,-0.00036535486102751147
2016-02-02 00:00:00+00:00,-0.018022302890003505
2016-02-03 00:00:00+00:00,0.005994723280076775
2016-02-04 00:00:00+00:00,0.0015684457140172636
2016-02-05 00:00:00+00:00,-0.01904996270544057
2016-02-08 00:00:00+00:00,-0.013461497813431422
2016-02-09 00:00:00+00:00,5.412741254628983e-05
2016-02-10 00:00:00+00:00,-0.0008626089466642339
2016-02-11 00:00:00+00:00,-0.013008426444805599
2016-02-12 00:00:00+00:00,0.020616817963005074
2016-02-16 00:00:00+00:00,0.016878532932773194
2016-02-17 00:00:00+00:00,0.016334508163398098
2016-02-18 00:00:00+00:00,-0.004095503943196355
2016-02-19 00:00:00+00:00,-0.00046859846064584154
2016-02-22 00:00:00+00:00,0.014478912167654956
2016-02-23 00:00:00+00:00,-0.012629325799034308
2016-02-24 00:00:00+00:00,0.004575466108282633
2016-02-25 00:00:00+00:00,0.01211194089212686
2016-02-26 00:00:00+00:00,-0.0023053966169693796
2016-02-29 00:00:00+00:00,-0.007838347939694068
2016-03-01 00:00:00+00:00,0.023506917532427174
2016-03-02 00:00:00+00:00,0.00449240281016583
2016-03-03 00:00:00+00:00,0.0038944255026294172
2016-03-04 00:00:00+00:00,0.0032785546937756926
2016-03-07 00:00:00+00:00,0.000798573729584362
2016-03-08 00:00:00+00:00,-0.01091781462334629
2016-03-09 00:00:00+00:00,0.004939531055444091
2016-03-10 00:00:00+00:00,0.0008022547027592974
2016-03-11 00:00:00+00:00,0.016137017952432497
2016-03-14 00:00:00+00:00,-0.0012823190019877195
2016-03-15 00:00:00+00:00,-0.0016293506139491987
2016-03-16 00:00:00+00:00,0.005787015490647418
2016-03-17 00:00:00+00:00,0.006341892531785298
2016-03-18 00:00:00+00:00,0.00392982714278256
2016-03-21 00:00:00+00:00,0.0014188078553509786
2016-03-22 00:00:00+00:00,-0.0005376513478381195
2016-03-23 00:00:00+00:00,-0.006603245947649938
2016-03-24 00:00:00+00:00,-0.00043915030046981496
2016-03-28 00:00:00+00:00,0.0005909115348081695
2016-03-29 00:00:00+00:00,0.009254023271440204
2016-03-30 00:00:00+00:00,0.0043840434205881795
2016-03-31 00:00:00+00:00,-0.002427304550994158
2016-04-01 00:00:00+00:00,0.006812281438671297
2016-04-04 00:00:00+00:00,-0.003238079248998771
2016-04-05 00:00:00+00:00,-0.009991886068091538
2016-04-06 00:00:00+00:00,0.010925048199491139
2016-04-07 00:00:00+00:00,-0.011965880009654262
2016-04-08 00:00:00+00:00,0.002693157971232596
2016-04-11 00:00:00+00:00,-0.0023431269632017138
2016-04-12 00:00:00+00:00,0.009312443253334468
2016-04-13 00:00:00+00:00,0.010104877373681376
2016-04-14 00:00:00+00:00,4.450351577789391e-05
2016-04-15 00:00:00+00:00,-0.001106038158316558
2016-04-18 00:00:00+00:00,0.007023009742611608
2016-04-19 00:00:00+00:00,0.003157948630768459
2016-04-20 00:00:00+00:00,0.0009528755236354325
2016-04-21 00:00:00+00:00,-0.005378151260504227
2016-04-22 00:00:00+00:00,0.0
2016-04-25 00:00:00+00:00,-0.0017231073069804426
2016-04-26 00:00:00+00:00,0.001482276253814696
2016-04-27 00:00:00+00:00,0.002062058912555065
2016-04-28 00:00:00+00:00,-0.009087774627958622
2016-04-29 00:00:00+00:00,-0.005382743333991802
2016-05-02 00:00:00+00:00,0.007944405293716095
2016-05-03 00:00:00+00:00,-0.0087069764836617
2016-05-04 00:00:00+00:00,-0.005574289554299061
2016-05-05 00:00:00+00:00,-0.00019532369702601748
2016-05-06 00:00:00+00:00,0.003659102187951291
2016-05-09 00:00:00+00:00,0.0008225842087088431
2016-05-10 00:00:00+00:00,0.012437738060357528
2016-05-11 00:00:00+00:00,-0.009354537883932479
2016-05-12 00:00:00+00:00,0.00029011596075978474
2016-05-13 00:00:00+00:00,-0.008714046251011354
2016-05-16 00:00:00+00:00,0.009865478596604804
2016-05-17 00:00:00+00:00,-0.009329990116216158
2016-05-18 00:00:00+00:00,0.0002888975992558773
2016-05-19 00:00:00+00:00,-0.0034647547744431906
2016-05-20 00:00:00+00:00,0.006317427961813227
2016-05-23 00:00:00+00:00,-0.00136255366446969
2016-05-24 00:00:00+00:00,0.012962427965393042
2016-05-25 00:00:00+00:00,0.0067827988301722986
2016-05-26 00:00:00+00:00,0.00028675922810594834
2016-05-27 00:00:00+00:00,0.004299161631187154
2016-05-31 00:00:00+00:00,-0.0019026690300790738
2016-06-01 00:00:00+00:00,0.0020495408978822294
2016-06-02 00:00:00+00:00,0.0030435384782800945
2016-06-03 00:00:00+00:00,-0.002986961815512501
2016-06-06 00:00:00+00:00,0.00508815109241656
2016-06-07 00:00:00+00:00,0.0015614827048444635
2016-06-08 00:00:00+00:00,0.0032596048773201325
2016-06-09 00:00:00+00:00,-0.0013654284105100167
2016-06-10 00:00:00+00:00,-0.009477396959974738
2016-06-13 00:00:00+00:00,-0.007715856074330452
2016-06-14 00:00:00+00:00,-0.0019629239883383054
2016-06-15 00:00:00+00:00,-0.001393847373712509
2016-06-16 00:00:00+00:00,0.0029773243731572308
2016-06-17 00:00:00+00:00,-0.003714725828076304
2016-06-20 00:00:00+00:00,0.006440086255270705
2016-06-21 00:00:00+00:00,0.002838524684013688
2016-06-22 00:00:00+00:00,-0.0016311804663409202
2016-06-23 00:00:00+00:00,0.013022534737863856
2016-06-24 00:00:00+00:00,-0.03643079871031518
2016-06-27 00:00:00+00:00,-0.017377989611715328
2016-06-28 00:00:00+00:00,0.018034200129908085
2016-06-29 00:00:00+00:00,0.01702933936775075
2016-06-30 00:00:00+00:00,0.013621463894308627
2016-07-01 00:00:00+00:00,0.002127938078384961
2016-07-05 00:00:00+00:00,-0.0071968544999194695
2016-07-06 00:00:00+00:00,0.005997908849261435
2016-07-07 00:00:00+00:00,-0.000639101250911156
2016-07-08 00:00:00+00:00,0.014909717983514037
2016-07-11 00:00:00+00:00,0.003526698391381755
2016-07-12 00:00:00+00:00,0.007263768723077879
2016-07-13 00:00:00+00:00,-0.00013959696910914587
2016-07-14 00:00:00+00:00,0.005583214057548025
2016-07-15 00:00:00+00:00,-0.0013419727717890462
2016-07-18 00:00:00+00:00,0.002683716914368084
2016-07-19 00:00:00+00:00,-0.0010126650063041476
2016-07-20 00:00:00+00:00,0.004139479743638486
2016-07-21 00:00:00+00:00,-0.0037773314356910337
2016-07-22 00:00:00+00:00,0.004508360058312677
2016-07-25 00:00:00+00:00,-0.0027158329919887425
2016-07-26 00:00:00+00:00,0.0004618313355666537
2016-07-27 00:00:00+00:00,-0.0010611966268937456
2016-07-28 00:00:00+00:00,0.0011545545168600846
2016-07-29 00:00:00+00:00,0.0016147986776120504
2016-08-01 00:00:00+00:00,-0.0008292107105430935
2016-08-02 00:00:00+00:00,-0.0064107303062374
2016-08-03 00:00:00+00:00,0.0029262672811058987
2016-08-04 00:00:00+00:00,0.0010625588715051926
2016-08-05 00:00:00+00:00,0.008180190828088296
2016-08-08 00:00:00+00:00,-0.000595648823285444
2016-08-09 00:00:00+00:00,0.0005960038322667671
2016-08-10 00:00:00+00:00,-0.0024750726184125105
2016-08-11 00:00:00+00:00,0.004641044097050351
2016-08-12 00:00:00+00:00,-0.0008693109113898645
2016-08-15 00:00:00+00:00,0.002883962770404036
2016-08-16 00:00:00+00:00,-0.0051576919080768
2016-08-17 00:00:00+00:00,0.0018813206177643593
2016-08-18 00:00:00+00:00,0.0022435845800587995
2016-08-19 00:00:00+00:00,-0.001462275145057479
2016-08-22 00:00:00+00:00,-4.545230727281968e-05
2016-08-23 00:00:00+00:00,0.0020132499498108913
2016-08-24 00:00:00+00:00,-0.005114683450993751
2016-08-25 00:00:00+00:00,-0.0006886934582671644
2016-08-26 00:00:00+00:00,-0.0018830923779911135
2016-08-29 00:00:00+00:00,0.004928038917650479
2016-08-30 00:00:00+00:00,-0.0016523145434479414
2016-08-31 00:00:00+00:00,-0.002844007696667039
2016-09-01 00:00:00+00:00,4.569483277117037e-05
2016-09-02 00:00:00+00:00,0.0045083508250871596
2016-09-06 00:00:00+00:00,0.0030258777461995567
2016-09-07 00:00:00+00:00,-9.495249540825146e-05
2016-09-08 00:00:00+00:00,-0.0022828558564560453
2016-09-09 00:00:00+00:00,-0.023934861718474365
2016-09-12 00:00:00+00:00,0.0143469872200086
2016-09-13 00:00:00+00:00,-0.014375548224112689
2016-09-14 00:00:00+00:00,-0.00037509977993810395
2016-09-15 00:00:00+00:00,0.009993145670996073
2016-09-16 00:00:00+00:00,-0.003865715529862035
2016-09-19 00:00:00+00:00,0.0001876910383560304
2016-09-20 00:00:00+00:00,4.679335283541697e-05
2016-09-21 00:00:00+00:00,0.011245315456857696
2016-09-22 00:00:00+00:00,0.006301419655945439
2016-09-23 00:00:00+00:00,-0.0054793338715174444
2016-09-26 00:00:00+00:00,-0.008101986459511101
2016-09-27 00:00:00+00:00,0.006208055142560953
2016-09-28 00:00:00+00:00,0.004963406043673846
2016-09-29 00:00:00+00:00,-0.009047111700798194
2016-09-30 00:00:00+00:00,0.007545749251899103
2016-10-03 00:00:00+00:00,-0.0024040761251109544
2016-10-04 00:00:00+00:00,-0.0050974157953094235
2016-10-05 00:00:00+00:00,0.004424825443106073
2016-10-06 00:00:00+00:00,0.0006956290907595974
2016-10-07 00:00:00+00:00,-0.0034289711082823304
2016-10-10 00:00:00+00:00,0.0052083108919716015
2016-10-11 00:00:00+00:00,-0.012629687910781562
2016-10-12 00:00:00+00:00,0.0013120207144918794
2016-10-13 00:00:00+00:00,-0.00327575392921875
2016-10-14 00:00:00+00:00,0.0005166602386206254
2016-10-17 00:00:00+00:00,-0.003472250736307414
2016-10-18 00:00:00+00:00,0.006262424628163954
2016-10-19 00:00:00+00:00,0.002666849081199185
2016-10-20 00:00:00+00:00,-0.001866537522448919
2016-10-21 00:00:00+00:00,0.0004673866635476198
2016-10-24 00:00:00+00:00,0.00425310804049106
2016-10-25 00:00:00+00:00,-0.0033507080850084803
2016-10-26 00:00:00+00:00,-0.0020078583837340735
2016-10-27 00:00:00+00:00,-0.0026669569476949206
2016-10-28 00:00:00+00:00,-0.0029551649464024665
2016-10-31 00:00:00+00:00,4.698490137777789e-05
2016-11-01 00:00:00+00:00,-0.007245506371725163
2016-11-02 00:00:00+00:00,-0.0060186443315893845
2016-11-03 00:00:00+00:00,-0.00457714763939443
2016-11-04 00:00:00+00:00,-0.001101594205042522
2016-11-07 00:00:00+00:00,0.022057168357574763
2016-11-08 00:00:00+00:00,0.004503921430358604
2016-11-09 00:00:00+00:00,0.010598424901538284
2016-11-10 00:00:00+00:00,0.0024993041628900148
2016-11-11 00:00:00+00:00,-0.002305131658755122
2016-11-14 00:00:00+00:00,0.0007853748083537226
2016-11-15 00:00:00+00:00,0.007802904414420997
2016-11-16 00:00:00+00:00,-0.0018780821866121178
2016-11-17 00:00:00+00:00,0.005140658121427055
2016-11-18 00:00:00+00:00,-0.002237741197708698
2016-11-21 00:00:00+00:00,0.0075514103237630525
2016-11-22 00:00:00+00:00,0.0019533186308344774
2016-11-23 00:00:00+00:00,0.0005442014310723664
2016-11-25 00:00:00+00:00,0.0037154432292869632
2016-11-28 00:00:00+00:00,-0.004694848772145099
2016-11-29 00:00:00+00:00,0.001949927578120736
2016-11-30 00:00:00+00:00,-0.0023991119371197245
2016-12-01 00:00:00+00:00,-0.0036755259860807854
2016-12-02 00:00:00+00:00,0.0005012242249309296
2016-12-05 00:00:00+00:00,0.006008865677811004
2016-12-06 00:00:00+00:00,0.00316723258220053
2016-12-07 00:00:00+00:00,0.013080760893591226
2016-12-08 00:00:00+00:00,0.0024486200041529127
2016-12-09 00:00:00+00:00,0.006040753020490897
2016-12-12 00:00:00+00:00,-0.0011480826655879683
2016-12-13 00:00:00+00:00,0.0066739046551247405
2016-12-14 00:00:00+00:00,-0.008254189811560786
2016-12-15 00:00:00+00:00,0.004117462068210953
2016-12-16 00:00:00+00:00,-0.0019563307043153344
2016-12-19 00:00:00+00:00,0.0021771025389372145
2016-12-20 00:00:00+00:00,0.0038578114441900624
2016-12-21 00:00:00+00:00,-0.0027828986448060755
2016-12-22 00:00:00+00:00,-0.001727165825145538
2016-12-23 00:00:00+00:00,0.0014640463990089891
2016-12-27 00:00:00+00:00,0.0024812500566806506
2016-12-28 00:00:00+00:00,-0.008264836630161199
2016-12-29 00:00:00+00:00,-0.0002225729063095594
2016-12-30 00:00:00+00:00,-0.0036550227823062276
2017-01-03 00:00:00+00:00,0.007650043039504784
2017-01-04 00:00:00+00:00,0.005948886469509418
2017-01-05 00:00:00+00:00,-0.0007940953275755724
2017-01-06 00:00:00+00:00,0.0035776250609154125
2017-01-09 00:00:00+00:00,-0.0033009068484808335
2017-01-10 00:00:00+00:00,0.0
2017-01-11 00:00:00+00:00,0.00282600010485079
2017-01-12 00:00:00+00:00,-0.0025097784013040636
2017-01-13 00:00:00+00:00,0.002295613169527533
2017-01-17 00:00:00+00:00,-0.003523658366062943
2017-01-18 00:00:00+00:00,0.0022097912979910372
2017-01-19 00:00:00+00:00,-0.0037043540039024547
2017-01-20 00:00:00+00:00,0.0036741820527759206
2017-01-23 00:00:00+00:00,-0.002602234174895468
2017-01-24 00:00:00+00:00,0.006411907103377468
2017-01-25 00:00:00+00:00,0.008655427381962566
2017-01-26 00:00:00+00:00,-0.001045449175343438
2017-01-27 00:00:00+00:00,-0.0015700380682908133
2017-01-30 00:00:00+00:00,-0.006201524053366936
2017-01-31 00:00:00+00:00,-8.770675180069798e-05
2017-02-01 00:00:00+00:00,0.0003953897287736208
2017-02-02 00:00:00+00:00,0.0006591720690898306
2017-02-03 00:00:00+00:00,0.006892482839564673
2017-02-06 00:00:00+00:00,-0.0017873025209220739
2017-02-07 00:00:00+00:00,4.336548339978208e-05
2017-02-08 00:00:00+00:00,0.0013102960839985744
2017-02-09 00:00:00+00:00,0.005933039561038189
2017-02-10 00:00:00+00:00,0.003946085404277211
2017-02-13 00:00:00+00:00,0.005442504675045701
2017-02-14 00:00:00+00:00,0.003995478210859549
2017-02-15 00:00:00+00:00,0.005220267249654853
2017-02-16 00:00:00+00:00,-0.0008512944555201241
2017-02-17 00:00:00+00:00,0.0015762801880547794
2017-02-21 00:00:00+00:00,0.005955187421446073
2017-02-22 00:00:00+00:00,-0.0008880548828303914
2017-02-23 00:00:00+00:00,0.0006770290078557117
2017-02-24 00:00:00+00:00,0.0012691657226562292
2017-02-27 00:00:00+00:00,0.0015628303181298708
2017-02-28 00:00:00+00:00,-0.002699499207070577
2017-03-01 00:00:00+00:00,0.013997572790321655
2017-03-02 00:00:00+00:00,-0.006297130842282228
2017-03-03 00:00:00+00:00,0.0006292793141069453
2017-03-06 00:00:00+00:00,-0.0029778602934074083
2017-03-07 00:00:00+00:00,-0.002986754430833183
2017-03-08 00:00:00+00:00,-0.0018564973737407175
2017-03-09 00:00:00+00:00,0.0012680889799563388
2017-03-10 00:00:00+00:00,0.003504325097665184
2017-03-13 00:00:00+00:00,0.0005046518827778179
2017-03-14 00:00:00+00:00,-0.003826447721496984
2017-03-15 00:00:00+00:00,0.008653486408885191
2017-03-16 00:00:00+00:00,-0.001966844619275099
2017-03-17 00:00:00+00:00,-0.0017561387607119006
2017-03-20 00:00:00+00:00,-0.001096723158012347
2017-03-21 00:00:00+00:00,-0.012839422432578185
2017-03-22 00:00:00+00:00,0.0023530314517947737
2017-03-23 00:00:00+00:00,-0.0010669698664743654
2017-03-24 00:00:00+00:00,-0.0007262970476547004
2017-03-27 00:00:00+00:00,-0.0010266184382589083
2017-03-28 00:00:00+00:00,0.007277027354172683
2017-03-29 00:00:00+00:00,0.0009349396338189653
2017-03-30 00:00:00+00:00,0.0031842187350603623
2017-03-31 00:00:00+00:00,-0.002327969400873542
2017-04-03 00:00:00+00:00,-0.0017390281931786156
2017-04-04 00:00:00+00:00,0.0006374121068462024
2017-04-05 00:00:00+00:00,-0.002972550750602543
2017-04-06 00:00:00+00:00,0.0028108358677587653
2017-04-07 00:00:00+00:00,-0.001019296516602819
2017-04-10 00:00:00+00:00,0.0005953046321980349
2017-04-11 00:00:00+00:00,-0.0011899009108717884
2017-04-12 00:00:00+00:00,-0.004381606875312194
2017-04-13 00:00:00+00:00,-0.006494872159962917
2017-04-17 00:00:00+00:00,0.008859758115235872
2017-04-18 00:00:00+00:00,-0.0029840825759812617
2017-04-19 00:00:00+00:00,-0.0018387711431447906
2017-04-20 00:00:00+00:00,0.00813911002793355
2017-04-21 00:00:00+00:00,-0.0031869252925822433
2017-04-24 00:00:00+00:00,0.010997899287425783
2017-04-25 00:00:00+00:00,0.0058185249253028815
2017-04-26 00:00:00+00:00,-0.0006288083057375271
2017-04-27 00:00:00+00:00,0.000839081088659599
2017-04-28 00:00:00+00:00,-0.0021794401448347323
2017-05-01 00:00:00+00:00,0.0025201983971401276
2017-05-02 00:00:00+00:00,0.00037699405519231455
2017-05-03 00:00:00+00:00,-0.0012146327827083914
2017-05-04 00:00:00+00:00,0.0011742340238154458
2017-05-05 00:00:00+00:00,0.003937264964487763
2017-05-08 00:00:00+00:00,-0.00016707606679977616
2017-05-09 00:00:00+00:00,-0.0009180089198660424
2017-05-10 00:00:00+00:00,0.0017959968846688046
2017-05-11 00:00:00+00:00,-0.0020430011597823983
2017-05-12 00:00:00+00:00,-0.0016708661812853132
2017-05-15 00:00:00+00:00,0.005523299942519877
2017-05-16 00:00:00+00:00,-0.0009151400550186928
2017-05-17 00:00:00+00:00,-0.017744426772882793
2017-05-18 00:00:00+00:00,0.00402870000423472
2017-05-19 00:00:00+00:00,0.006504067839941063
2017-05-22 00:00:00+00:00,0.005077437984829292
2017-05-23 00:00:00+00:00,0.0022127630607691184
2017-05-24 00:00:00+00:00,0.0023331080599204856
2017-05-25 00:00:00+00:00,0.004779446642994678
2017-05-26 00:00:00+00:00,-0.00020696018482257994
2017-05-30 00:00:00+00:00,-0.0008689067963605357
2017-05-31 00:00:00+00:00,-0.00024811330507590323
2017-06-01 00:00:00+00:00,0.007952147831192136
2017-06-02 00:00:00+00:00,0.003328534615671286
2017-06-05 00:00:00+00:00,-0.0007374523546098688
2017-06-06 00:00:00+00:00,-0.0031967322663637443
2017-06-07 00:00:00+00:00,0.0018502798464470338
2017-06-08 00:00:00+00:00,0.0004922457699065852
2017-06-09 00:00:00+00:00,-0.001517812243573946
2017-06-12 00:00:00+00:00,-0.00020513868212213016
2017-06-13 00:00:00+00:00,0.004890002169053886
2017-06-14 00:00:00+00:00,-0.0012680138810641228
2017-06-15 00:00:00+00:00,-0.001924253986505975
2017-06-16 00:00:00+00:00,0.00021863076941719406
2017-06-19 00:00:00+00:00,0.008324960588192987
2017-06-20 00:00:00+00:00,-0.006743753530937369
2017-06-21 00:00:00+00:00,-0.0002470441295095993
2017-06-22 00:00:00+00:00,-0.0004528870190892986
2017-06-23 00:00:00+00:00,0.0011943260326325866
2017-06-26 00:00:00+00:00,0.0006581812175601165
2017-06-27 00:00:00+00:00,-0.008056374614750506
2017-06-28 00:00:00+00:00,0.008950459835126656
2017-06-29 00:00:00+00:00,-0.008789012880112357
2017-06-30 00:00:00+00:00,0.0018647348719287304
2017-07-03 00:00:00+00:00,0.0016956040531772576
2017-07-05 00:00:00+00:00,0.002311965446960551
2017-07-06 00:00:00+00:00,-0.009144657860638006
2017-07-07 00:00:00+00:00,0.006485463775582012
2017-07-10 00:00:00+00:00,0.0010739455940167453
2017-07-11 00:00:00+00:00,-0.0007426709879657656
2017-07-12 00:00:00+00:00,0.00751471686136318
2017-07-13 00:00:00+00:00,0.00168024689613544
2017-07-14 00:00:00+00:00,0.004663856707867398
2017-07-17 00:00:00+00:00,-0.00012223939263533712
2017-07-18 00:00:00+00:00,0.0005294934457631406
2017-07-19 00:00:00+00:00,0.005414321946580092
2017-07-20 00:00:00+00:00,0.00044506852577219647
2017-07-21 00:00:00+00:00,-0.0008901514529701116
2017-07-24 00:00:00+00:00,-0.00024317158178599474
2017-07-25 00:00:00+00:00,0.002431074697718083
2017-07-26 00:00:00+00:00,4.016689755803604e-05
2017-07-27 00:00:00+00:00,-0.0009295394353417974
2017-07-28 00:00:00+00:00,-0.0011728509014830024
2017-07-31 00:00:00+00:00,-0.000567194473776067
2017-08-01 00:00:00+00:00,0.0022289708680411913
2017-08-02 00:00:00+00:00,0.0004850678643975037
2017-08-03 00:00:00+00:00,-0.0019397405837745518
2017-08-04 00:00:00+00:00,0.0018219640912517931
2017-08-07 00:00:00+00:00,0.001859228985609418
2017-08-08 00:00:00+00:00,-0.002460870522207781
2017-08-09 00:00:00+00:00,-4.0603024638152796e-05
2017-08-10 00:00:00+00:00,-0.014115250828191761
2017-08-11 00:00:00+00:00,0.0014768725912415182
2017-08-14 00:00:00+00:00,0.009913271338000795
2017-08-15 00:00:00+00:00,-0.00012175348046317147
2017-08-16 00:00:00+00:00,0.001744660089532557
2017-08-17 00:00:00+00:00,-0.015590818726394562
2017-08-18 00:00:00+00:00,-0.0015635416136516866
2017-08-21 00:00:00+00:00,0.0007829950521731632
2017-08-22 00:00:00+00:00,0.010456954770445614
2017-08-23 00:00:00+00:00,-0.0035855133361842872
2017-08-24 00:00:00+00:00,-0.0023308012839518
2017-08-25 00:00:00+00:00,0.002336246610551207
2017-08-28 00:00:00+00:00,4.105129462939061e-05
2017-08-29 00:00:00+00:00,0.0011448279979897613
2017-08-30 00:00:00+00:00,0.004737671967883772
2017-08-31 00:00:00+00:00,0.006015871942804285
2017-09-01 00:00:00+00:00,0.0014140487029350446
2017-09-05 00:00:00+00:00,-0.00718178399737146
2017-09-06 00:00:00+00:00,0.0034136866455738435
2017-09-07 00:00:00+00:00,-0.00012157595293360579
2017-09-08 00:00:00+00:00,-0.001174418623757334
2017-09-11 00:00:00+00:00,0.010665681830052343
2017-09-12 00:00:00+00:00,0.0033705382484676694
2017-09-13 00:00:00+00:00,0.000480177665736381
2017-09-14 00:00:00+00:00,-0.00031982968359967057
2017-09-15 00:00:00+00:00,0.001345012000491419
2017-09-18 00:00:00+00:00,0.002126775586300811
2017-09-19 00:00:00+00:00,0.0010009221252684775
2017-09-20 00:00:00+00:00,0.0003600846925655432
2017-09-21 00:00:00+00:00,-0.002679082695643764
2017-09-22 00:00:00+00:00,0.000200287442827074
2017-09-25 00:00:00+00:00,-0.002044545525523911
2017-09-26 00:00:00+00:00,0.0006027835058650677
2017-09-27 00:00:00+00:00,0.0038940582796138656
2017-09-28 00:00:00+00:00,0.0011997636792431265
2017-09-29 00:00:00+00:00,0.0035151701296392
2017-10-02 00:00:00+00:00,0.004338706710334872
2017-10-03 00:00:00+00:00,0.0021399856987687205
2017-10-04 00:00:00+00:00,0.0011864308703486426
2017-10-05 00:00:00+00:00,0.0059251246010056935
2017-10-06 00:00:00+00:00,-0.0011388163204979485
2017-10-09 00:00:00+00:00,-0.0016510638095302843
2017-10-10 00:00:00+00:00,0.002638441698186833
2017-10-11 00:00:00+00:00,0.0015709729847337428
2017-10-12 00:00:00+00:00,-0.0014901625923289252
2017-10-13 00:00:00+00:00,0.0012173689059729043
2017-10-16 00:00:00+00:00,0.0013334404624176788
2017-10-17 00:00:00+00:00,0.0007051617524058695
2017-10-18 00:00:00+00:00,0.0009787889560375351
2017-10-19 00:00:00+00:00,0.00027346145377316056
2017-10-20 00:00:00+00:00,0.005160814889594079
2017-10-23 00:00:00+00:00,-0.0038893967039422828
2017-10-24 00:00:00+00:00,0.0017568654274178197
2017-10-25 00:00:00+00:00,-0.004950241927046628
2017-10-26 00:00:00+00:00,0.0012929283027578453
2017-10-27 00:00:00+00:00,0.00817626176038333
2017-10-30 00:00:00+00:00,-0.0037252843593267304
2017-10-31 00:00:00+00:00,0.0015579403274268433
2017-11-01 00:00:00+00:00,0.001322032421775754
2017-11-02 00:00:00+00:00,0.0003883657990422229
2017-11-03 00:00:00+00:00,0.003338805950854562
2017-11-06 00:00:00+00:00,0.0015476926729012241
2017-11-07 00:00:00+00:00,-0.0006954634265764481
2017-11-08 00:00:00+00:00,0.001701248180159931
2017-11-09 00:00:00+00:00,-0.0036280465601905565
2017-11-10 00:00:00+00:00,-0.00030995244399256716
2017-11-13 00:00:00+00:00,0.000930145632890067
2017-11-14 00:00:00+00:00,-0.00232261723728866
2017-11-15 00:00:00+00:00,-0.005005291498325959
2017-11-16 00:00:00+00:00,0.008501117335802277
2017-11-17 00:00:00+00:00,-0.002938838830910173
2017-11-20 00:00:00+00:00,0.0017062008268813322
2017-11-21 00:00:00+00:00,0.006542839228126152
2017-11-22 00:00:00+00:00,-0.0008845356847465569
2017-11-24 00:00:00+00:00,0.0023098312727691805
2017-11-27 00:00:00+00:00,-0.0004991938484435465
2017-11-28 00:00:00+00:00,0.010144745454601756
2017-11-29 00:00:00+00:00,-0.0006088212284368621
2017-11-30 00:00:00+00:00,0.008754928079992341
2017-12-01 00:00:00+00:00,-0.0020752093962436158
2017-12-04 00:00:00+00:00,-0.0012099400524497872
2017-12-05 00:00:00+00:00,-0.0035967787532186213
2017-12-06 00:00:00+00:00,0.00019016910097180428
2017-12-07 00:00:00+00:00,0.003152910203200854
2017-12-08 00:00:00+00:00,0.00545296275095275
2017-12-11 00:00:00+00:00,0.0030130784631778873
2017-12-12 00:00:00+00:00,0.0017649795917129563
2017-12-13 00:00:00+00:00,-0.00011233906577767794
2017-12-14 00:00:00+00:00,-0.004086272477430319
2017-12-15 00:00:00+00:00,0.008276347741068779
2017-12-18 00:00:00+00:00,0.006340997381023339
2017-12-19 00:00:00+00:00,-0.0038404464635999336
2017-12-20 00:00:00+00:00,-0.0005238543504524351
2017-12-21 00:00:00+00:00,0.0020596687309726303
2017-12-22 00:00:00+00:00,-0.00026152580231575406
2017-12-26 00:00:00+00:00,-0.0011965026692368763
2017-12-27 00:00:00+00:00,0.00048661453064813287
2017-12-28 00:00:00+00:00,0.002057434651661527
2017-12-29 00:00:00+00:00,-0.0037702158569454802
2018-01-02 00:00:00+00:00,0.007156997966107914
2018-01-03 00:00:00+00:00,0.006325409108245417
2018-01-04 00:00:00+00:00,0.004214685398271856
2018-01-05 00:00:00+00:00,0.0066640347647628495
2018-01-08 00:00:00+00:00,0.001828666439490867
2018-01-09 00:00:00+00:00,0.002263334061509914
2018-01-10 00:00:00+00:00,-0.001529740339102914
2018-01-11 00:00:00+00:00,0.0072959870606110755
2018-01-12 00:00:00+00:00,0.006519190688054621
2018-01-16 00:00:00+00:00,-0.003418569374054492
2018-01-17 00:00:00+00:00,0.00953182240324435
2018-01-18 00:00:00+00:00,-0.0016808207259809693
2018-01-19 00:00:00+00:00,0.004549561409187941
2018-01-22 00:00:00+00:00,0.008130925480420492
2018-01-23 00:00:00+00:00,0.002122440977601503
2018-01-24 00:00:00+00:00,-0.00038807741134283535
2018-01-25 00:00:00+00:00,0.00042368269250880886
2018-01-26 00:00:00+00:00,0.011577764058713358
2018-01-29 00:00:00+00:00,-0.006629831931448282
2018-01-30 00:00:00+00:00,-0.010257289238698397
2018-01-31 00:00:00+00:00,0.0004970846608225443
2018-02-01 00:00:00+00:00,-0.0011350693328983086
2018-02-02 00:00:00+00:00,-0.021770174475882587
2018-02-05 00:00:00+00:00,-0.04182262535469994
2018-02-06 00:00:00+00:00,0.019702340330511214
2018-02-07 00:00:00+00:00,-0.00542497165711564
2018-02-08 00:00:00+00:00,-0.037508650519031184
2018-02-09 00:00:00+00:00,0.015021281935569064
2018-02-12 00:00:00+00:00,0.014684568015231436
2018-02-13 00:00:00+00:00,0.0024874963012968543
2018-02-14 00:00:00+00:00,0.013496304057685649
2018-02-15 00:00:00+00:00,0.012760185747606512
2018-02-16 00:00:00+00:00,0.00029271033591093953
2018-02-20 00:00:00+00:00,-0.006260918282719574
2018-02-21 00:00:00+00:00,-0.004974517022007796
2018-02-22 00:00:00+00:00,0.0012960408665552148
2018-02-23 00:00:00+00:00,0.015939679550396324
2018-02-26 00:00:00+00:00,0.011611957699610098
2018-02-27 00:00:00+00:00,-0.012486284812730952
2018-02-28 00:00:00+00:00,-0.010130037946026738
2018-03-01 00:00:00+00:00,-0.014540961618706216
2018-03-02 00:00:00+00:00,0.005155037422308606
2018-03-05 00:00:00+00:00,0.011557911382132247
2018-03-06 00:00:00+00:00,0.0025351847719239373
2018-03-07 00:00:00+00:00,-0.00036645697184389814
2018-03-08 00:00:00+00:00,0.00483893170286076
2018-03-09 00:00:00+00:00,0.017402490559762507
2018-03-12 00:00:00+00:00,-0.0012550498113645947
2018-03-13 00:00:00+00:00,-0.006463013316424404
2018-03-14 00:00:00+00:00,-0.0051314072747485895
2018-03-15 00:00:00+00:00,-0.0010897071904262257
2018-03-16 00:00:00+00:00,0.0010832290081936868
2018-03-19 00:00:00+00:00,-0.01353026987600281
2018-03-20 00:00:00+00:00,0.0017006173980553818
2018-03-21 00:00:00+00:00,-0.0019191732792027683
2018-03-22 00:00:00+00:00,-0.024997226639056236
2018-03-23 00:00:00+00:00,-0.021314521940304143
2018-03-26 00:00:00+00:00,0.027359038945940606
2018-03-27 00:00:00+00:00,-0.01701180641997657
2018-03-28 00:00:00+00:00,-0.002954719877206635
2018-03-29 00:00:00+00:00,0.012777585344263542
2018-04-02 00:00:00+00:00,-0.021584647539426016
2018-04-03 00:00:00+00:00,0.01281702722647271
2018-04-04 00:00:00+00:00,0.010699083483529659
2018-04-05 00:00:00+00:00,0.00789194111397773
2018-04-06 00:00:00+00:00,-0.02228580033127525
2018-04-09 00:00:00+00:00,0.004928384413984244
2018-04-10 00:00:00+00:00,0.015900383141762342
2018-04-11 00:00:00+00:00,-0.005242315670375253
2018-04-12 00:00:00+00:00,0.00822717622080682
2018-04-13 00:00:00+00:00,-0.0029331026961983975
2018-04-16 00:00:00+00:00,0.008221761267207306
2018-04-17 00:00:00+00:00,0.010698387760445849
2018-04-18 00:00:00+00:00,0.0007402198452939324
2018-04-19 00:00:00+00:00,-0.005547542438699704
2018-04-20 00:00:00+00:00,-0.008479303804529659
2018-04-23 00:00:00+00:00,-0.00015003188177498128
2018-04-24 00:00:00+00:00,-0.013467381925948096
2018-04-25 00:00:00+00:00,0.0024716708494940676
2018-04-26 00:00:00+00:00,0.010165762621856311
2018-04-27 00:00:00+00:00,0.0009387555855957519
2018-04-30 00:00:00+00:00,-0.007690576230492185
2018-05-01 00:00:00+00:00,0.0017768704396809998
2018-05-02 00:00:00+00:00,-0.006717488112310432
2018-05-03 00:00:00+00:00,-0.0022036474164133235
2018-05-04 00:00:00+00:00,0.012946462569491946
2018-05-07 00:00:00+00:00,0.0033832042703556553
2018-05-08 00:00:00+00:00,0.0
2018-05-09 00:00:00+00:00,0.009665817473400118
2018-05-10 00:00:00+00:00,0.00935064935064922
2018-05-11 00:00:00+00:00,0.0030512462318947886
2018-05-14 00:00:00+00:00,0.000476452263148186
2018-05-15 00:00:00+00:00,-0.006886951425012833
2018-05-16 00:00:00+00:00,0.0042050903725561195
2018-05-17 00:00:00+00:00,-0.0008448427857773444
2018-05-18 00:00:00+00:00,-0.002499908091614267
2018-05-21 00:00:00+00:00,0.0075185198835368006
2018-05-22 00:00:00+00:00,-0.0027801148626402927
2018-05-23 00:00:00+00:00,0.002751183008693703
2018-05-24 00:00:00+00:00,-0.0020485806262803274
2018-05-25 00:00:00+00:00,-0.0023826979472142407
2018-05-29 00:00:00+00:00,-0.011501010472166118
2018-05-30 00:00:00+00:00,0.013344732733625797
2018-05-31 00:00:00+00:00,-0.00612596749935812
2018-06-01 00:00:00+00:00,0.009817671809256856
2018-06-04 00:00:00+00:00,0.004751461988304007
2018-06-05 00:00:00+00:00,0.0007275372862860507
2018-06-06 00:00:00+00:00,0.008360596146855581
2018-06-07 00:00:00+00:00,-0.00010814708002870876
2018-06-08 00:00:00+00:00,0.0029563399069834073
2018-06-11 00:00:00+00:00,0.0013300262410582686
